scenario_id,scenario_group_key,seed_event_count,member_row_count,core_start_line,core_end_line,window_start_line,window_end_line,start_timestamp,end_timestamp,duration_seconds
scenario_0032,10.0.19.39:56638-10.0.19.49:102,2,21,3,75,1,97,2026-02-14T01:39:34.309070,2026-02-14T01:40:09.619216,35.310146
scenario_0033,10.0.19.39:56638-10.0.19.49:102,1,17,164,164,130,205,2026-02-14T01:40:24.844795,2026-02-14T01:40:51.390529,26.545734
scenario_0034,10.0.19.39:56638-10.0.19.49:102,3,12,418,433,384,478,2026-02-14T01:42:11.409879,2026-02-14T01:42:51.077935,39.668056
scenario_0035,10.0.19.39:56638-10.0.19.49:102,1,10,503,503,477,548,2026-02-14T01:42:51.074031,2026-02-14T01:43:21.456894,30.382863
scenario_0036,10.0.19.39:56638-10.0.19.49:102,2,18,921,967,910,1012,2026-02-14T01:46:01.822248,2026-02-14T01:46:44.082608,42.26036
scenario_0037,10.0.19.39:56638-10.0.19.49:102,3,35,1088,1195,1058,1235,2026-02-14T01:47:04.121051,2026-02-14T01:48:12.462713,68.341662
scenario_0029,10.0.19.39:56634-10.0.19.48:102,1,10,1559,1559,1532,1603,2026-02-14T01:50:27.293002,2026-02-14T01:50:57.954971,30.661969
scenario_0001,10.0.19.39:56633-10.0.19.47:102,7,63,65420,65634,31483,65663,2026-02-14T05:30:52.584554,2026-02-14T10:28:11.343863,17838.759309
scenario_0030,10.0.19.39:56634-10.0.19.48:102,1,9,106364,106364,39207,106410,2026-02-14T06:32:54.147397,2026-02-14T15:57:25.877572,33871.730175
scenario_0038,10.0.19.39:56638-10.0.19.49:102,5,17,43103,43137,43075,43176,2026-02-14T07:07:17.382408,2026-02-14T07:08:08.267547,50.885139
scenario_0039,10.0.19.39:56638-10.0.19.49:102,5,17,56650,56680,56579,56717,2026-02-14T09:07:47.951585,2026-02-14T09:08:41.953034,54.001449
scenario_0040,10.0.19.39:56638-10.0.19.49:102,2,20,74321,74355,74298,74374,2026-02-14T11:37:50.896617,2026-02-14T11:38:22.357739,31.461122
scenario_0041,10.0.19.39:56638-10.0.19.49:102,2,22,85938,85976,85916,85993,2026-02-14T13:11:46.060344,2026-02-14T13:12:16.794203,30.733859
scenario_0042,10.0.19.39:56638-10.0.19.49:102,4,34,97173,97277,97166,97319,2026-02-14T14:42:42.820172,2026-02-14T14:43:49.870330,67.050158
scenario_0002,10.0.19.39:56633-10.0.19.47:102,2,22,97373,97400,97337,97411,2026-02-14T14:43:59.479414,2026-02-14T14:44:27.633097,28.153683
scenario_0043,10.0.19.39:56638-10.0.19.49:102,2,10,105997,105998,105974,106040,2026-02-14T15:54:02.271786,2026-02-14T15:54:32.862600,30.590814
scenario_0044,10.0.19.39:56638-10.0.19.49:102,2,11,106177,106179,106141,106220,2026-02-14T15:55:23.037211,2026-02-14T15:56:00.312339,37.275128
scenario_0045,10.0.19.39:56638-10.0.19.49:102,1,11,106321,106321,106303,106349,2026-02-14T15:56:40.508234,2026-02-14T15:57:01.111835,20.603601
scenario_0046,10.0.19.39:56638-10.0.19.49:102,2,21,106440,106474,106417,106512,2026-02-14T15:57:31.230291,2026-02-14T15:58:05.465440,34.235149
scenario_0003,10.0.19.39:56633-10.0.19.47:102,2,23,106517,106550,106470,106579,2026-02-14T15:57:51.824562,2026-02-14T15:58:30.905927,39.081365
scenario_0047,10.0.19.39:56638-10.0.19.49:102,3,12,106622,106628,106593,106674,2026-02-14T15:58:35.496722,2026-02-14T15:59:12.008487,36.511765
scenario_0048,10.0.19.39:56638-10.0.19.49:102,3,12,106766,106780,106741,106826,2026-02-14T15:59:41.969817,2026-02-14T16:00:15.501937,33.53212
scenario_0004,10.0.19.39:56633-10.0.19.47:102,3,11,165399,165404,165373,165449,2026-02-15T00:51:53.622871,2026-02-15T00:52:28.150179,34.527308
scenario_0005,10.0.19.39:56633-10.0.19.47:102,5,17,166879,166929,166835,166974,2026-02-15T01:02:29.816124,2026-02-15T01:03:29.399510,59.583386
scenario_0006,10.0.19.39:56633-10.0.19.47:102,5,16,173970,174018,173928,174064,2026-02-15T01:54:36.718783,2026-02-15T01:55:33.825098,57.106315
scenario_0007,10.0.19.39:56633-10.0.19.47:102,2,11,174130,174132,174084,174176,2026-02-15T01:55:43.728417,2026-02-15T01:56:23.650184,39.921767
scenario_0049,10.0.19.39:56638-10.0.19.49:102,4,37,175036,175147,175004,175191,2026-02-15T02:02:29.636210,2026-02-15T02:03:45.895677,76.259467
scenario_0050,10.0.19.39:56638-10.0.19.49:102,3,30,176071,176167,176053,176202,2026-02-15T02:10:06.759403,2026-02-15T02:11:03.358868,56.599465
scenario_0051,10.0.19.39:56638-10.0.19.49:102,3,41,194923,195041,194904,195081,2026-02-15T04:28:47.800334,2026-02-15T04:29:51.506042,63.705708
scenario_0052,10.0.19.39:56638-10.0.19.49:102,2,23,206826,206871,206814,206904,2026-02-15T05:56:03.164537,2026-02-15T05:56:40.044189,36.879652
scenario_0008,10.0.19.39:56633-10.0.19.47:102,3,27,206947,207010,206906,207053,2026-02-15T05:56:40.237434,2026-02-15T05:57:35.839454,55.60202
scenario_0053,10.0.19.39:56638-10.0.19.49:102,5,43,207056,207189,207025,207229,2026-02-15T05:57:25.319601,2026-02-15T05:58:42.510566,77.190965
scenario_0009,10.0.19.39:56633-10.0.19.47:102,2,22,207257,207289,207235,207318,2026-02-15T05:58:45.883152,2026-02-15T05:59:17.928948,32.045796
scenario_0010,10.0.19.39:56633-10.0.19.47:102,2,10,237563,237564,223736,237605,2026-02-15T07:59:59.424246,2026-02-15T09:54:51.737989,6892.313743
scenario_0054,10.0.19.39:56638-10.0.19.49:102,2,22,269373,269415,234582,269440,2026-02-15T09:27:48.482951,2026-02-15T14:12:21.170621,17072.68767
scenario_0011,10.0.19.39:56633-10.0.19.47:102,3,12,237784,237791,237748,237831,2026-02-15T09:56:01.851025,2026-02-15T09:56:39.393927,37.542902
scenario_0012,10.0.19.39:56633-10.0.19.47:102,5,15,244917,244943,244893,244984,2026-02-15T10:53:51.040686,2026-02-15T10:54:34.237228,43.196542
scenario_0013,10.0.19.39:56633-10.0.19.47:102,4,44,269467,269608,269427,269640,2026-02-15T14:12:17.943757,2026-02-15T14:13:33.787499,75.843742
scenario_0055,10.0.19.39:56638-10.0.19.49:102,1,14,269526,269526,269491,269551,2026-02-15T14:12:41.178395,2026-02-15T14:12:59.635769,18.457374
scenario_0056,10.0.19.39:56638-10.0.19.49:102,1,14,269638,269638,269604,269669,2026-02-15T14:13:19.670920,2026-02-15T14:13:46.403453,26.732533
scenario_0057,10.0.19.39:56638-10.0.19.49:102,5,16,270730,270781,270686,270825,2026-02-15T14:21:16.838870,2026-02-15T14:22:17.639143,60.800273
scenario_0058,10.0.19.39:56638-10.0.19.49:102,5,17,270914,270960,270870,271005,2026-02-15T14:22:37.625910,2026-02-15T14:23:34.512703,56.886793
scenario_0014,10.0.19.39:56633-10.0.19.47:102,3,12,271492,271502,271459,271548,2026-02-15T14:26:55.475632,2026-02-15T14:27:31.009143,35.533511
scenario_0015,10.0.19.39:56633-10.0.19.47:102,3,12,271573,271581,271547,271627,2026-02-15T14:27:30.981815,2026-02-15T14:28:06.559121,35.577306
scenario_0031,10.0.19.39:56634-10.0.19.48:102,1,10,283373,283373,283345,283418,2026-02-15T15:54:32.843497,2026-02-15T15:55:05.330363,32.486866
scenario_0016,10.0.19.39:56633-10.0.19.47:102,2,10,283463,283464,283426,283509,2026-02-15T15:55:07.827869,2026-02-15T15:55:44.137149,36.30928
scenario_0017,10.0.19.39:56633-10.0.19.47:102,3,12,283565,283577,283530,283623,2026-02-15T15:55:54.138481,2026-02-15T15:56:32.804212,38.665731
scenario_0018,10.0.19.39:56633-10.0.19.47:102,5,17,283647,283696,283622,283741,2026-02-15T15:56:32.798356,2026-02-15T15:57:23.169233,50.370877
scenario_0059,10.0.19.39:56638-10.0.19.49:102,10,31,284044,284224,284018,284270,2026-02-15T15:59:25.799520,2026-02-15T16:01:13.528164,107.728644
scenario_0019,10.0.19.39:56633-10.0.19.47:102,2,20,350664,350694,350639,350720,2026-02-16T00:09:08.679090,2026-02-16T00:09:38.980272,30.301182
scenario_0060,10.0.19.39:56638-10.0.19.49:102,2,22,350911,350972,350894,350989,2026-02-16T00:10:55.705563,2026-02-16T00:11:32.918278,37.212715
scenario_0020,10.0.19.39:56633-10.0.19.47:102,1,13,351303,351303,351274,351329,2026-02-16T00:13:39.599934,2026-02-16T00:14:02.251947,22.652013
scenario_0021,10.0.19.39:56633-10.0.19.47:102,1,14,351475,351475,351441,351514,2026-02-16T00:14:52.181089,2026-02-16T00:15:19.277534,27.096445
scenario_0061,10.0.19.39:56638-10.0.19.49:102,2,21,351543,351576,351519,351614,2026-02-16T00:15:23.362963,2026-02-16T00:15:58.033948,34.670985
scenario_0022,10.0.19.39:56633-10.0.19.47:102,3,32,359607,359705,353358,359718,2026-02-16T00:28:51.336783,2026-02-16T01:19:56.233593,3064.89681
scenario_0023,10.0.19.39:56633-10.0.19.47:102,1,12,360142,360142,360125,360177,2026-02-16T01:22:56.604229,2026-02-16T01:23:17.018186,20.413957
scenario_0062,10.0.19.39:56638-10.0.19.49:102,4,43,360192,360348,360156,360378,2026-02-16T01:23:08.759846,2026-02-16T01:24:22.516057,73.756211
scenario_0063,10.0.19.39:56638-10.0.19.49:102,5,18,371268,371323,371228,371369,2026-02-16T02:44:15.000359,2026-02-16T02:45:15.204943,60.204584
scenario_0064,10.0.19.39:56638-10.0.19.49:102,5,17,371431,371482,371391,371528,2026-02-16T02:45:25.213551,2026-02-16T02:46:22.942389,57.728838
scenario_0024,10.0.19.39:56633-10.0.19.47:102,2,10,374660,374663,374634,374709,2026-02-16T03:09:01.074479,2026-02-16T03:09:35.381931,34.307452
scenario_0025,10.0.19.39:56633-10.0.19.47:102,3,12,374756,374766,374730,374812,2026-02-16T03:09:45.400605,2026-02-16T03:10:17.949882,32.549277000000004
scenario_0026,10.0.19.39:56633-10.0.19.47:102,5,18,374840,374890,374812,374935,2026-02-16T03:10:17.949882,2026-02-16T03:11:09.788146,51.838264
scenario_0027,10.0.19.39:56633-10.0.19.47:102,2,21,392147,392195,388046,392215,2026-02-16T04:53:35.508847,2026-02-16T05:30:49.363642,2233.854795
scenario_0065,10.0.19.39:56638-10.0.19.49:102,3,34,392261,392351,392231,392384,2026-02-16T05:30:57.741755,2026-02-16T05:32:02.684589,64.942834
scenario_0028,10.0.19.39:56633-10.0.19.47:102,2,25,392422,392489,392397,392499,2026-02-16T05:32:09.561329,2026-02-16T05:32:52.395819,42.83449
scenario_0066,10.0.19.39:56638-10.0.19.49:102,1,14,392536,392536,392500,392564,2026-02-16T05:32:52.740960,2026-02-16T05:33:20.049777,27.308817
